<?xml version="1.0" encoding="utf-8" ?>
<dwsync>
<file name="inventario.php" server="C:/AppServ/www/" local="130573629013682000" remote="130573629010000000" Dst="0" />
<file name="inventario.php" server="C:/AppServ/www/orveinca/" local="130760400835138000" remote="130760400830000000" Dst="0" />
<file name="inventario_pdf.php" server="C:/AppServ/www/orveinca/" local="130733303480000000" remote="130733303480000000" Dst="0" />
<file name="inventario.php" server="C:/xampp/htdocs/orveinca/" local="130760400835138000" remote="130760400830000000" Dst="0" />
<file name="inventario_pdf.php" server="C:/xampp/htdocs/orveinca/" local="130781016570658000" remote="130781016570000000" Dst="0" />
<file name="ajax_inventario.php" server="C:/xampp/htdocs/orveinca/" local="130771357813794000" remote="130771357810000000" Dst="0" />
<file name="ajax_inventario.php" server="C:/AppServ/www/orveinca/" local="130741226280000000" remote="130741226280000000" Dst="0" />
<file name="inventario_reportes.php" server="C:/xampp/htdocs/orveinca/" local="130782622899428000" remote="130782622890000000" Dst="0" />
<file name="reportes_pdf.php" server="C:/xampp/htdocs/orveinca/" local="130769904711774000" remote="130769904710000000" Dst="0" />
<file name="inventario_pdf2.php" server="C:/xampp/htdocs/orveinca/" local="130780879935038000" remote="130780879930000000" Dst="0" />
</dwsync>