<?xml version="1.0" encoding="utf-8" ?>
<dwsync>
<file name="MinScript.php" server="C:/xampp2/htdocs/sys_unefa/" local="130867191646354000" remote="130867191640000000" Dst="0" />
<file name="TablePdfIterator.php" server="C:/xampp2/htdocs/sys_unefa/" local="130849397703910000" remote="130849397700000000" Dst="0" />
<file name="tablefpdf.php" server="C:/xampp2/htdocs/sys_unefa/" local="130862856673503000" remote="130862856670000000" Dst="0" />
<file name="SearchClassException.php" server="C:/xampp2/htdocs/sys_unefa/" local="130867558733970000" remote="130867558730000000" Dst="0" />
<file name="DATABASE.php" server="C:/xampp2/htdocs/sys_unefa/" local="130867358715010000" remote="130867358710000000" Dst="0" />
<file name="DateTimeEx.php" server="C:/xampp2/htdocs/sys_unefa/" local="130867272781669000" remote="130867272780000000" Dst="0" />
<file name="DocumentBuffer.php" server="C:/xampp2/htdocs/sys_unefa/" local="130868096966230000" remote="130868096960000000" Dst="0" />
<file name="extendsfpdf.php" server="C:/xampp2/htdocs/sys_unefa/" local="130867553359810000" remote="130867553350000000" Dst="0" />
<file name="img.php" server="C:/xampp2/htdocs/sys_unefa/" local="130849397698870000" remote="130849397690000000" Dst="0" />
<file name="json.php" server="C:/xampp2/htdocs/sys_unefa/" local="130867417569820000" remote="130867417560000000" Dst="0" />
<file name="JsonBuffer.php" server="C:/xampp2/htdocs/sys_unefa/" local="130864897018153000" remote="130864897010000000" Dst="0" />
<file name="SearchClass.php" server="C:/xampp2/htdocs/sys_unefa/" local="130868095600560000" remote="130868095600000000" Dst="0" />
<file name="server.php" server="C:/xampp2/htdocs/sys_unefa/" local="130868105121170000" remote="130868105120000000" Dst="0" />
<file name="session.php" server="C:/xampp2/htdocs/sys_unefa/" local="130867368766210000" remote="130867368760000000" Dst="0" />
<file name="sysexeption.php" server="C:/xampp2/htdocs/sys_unefa/" local="130865809874888000" remote="130865809870000000" Dst="0" />
<file name="syshtml.php" server="C:/xampp2/htdocs/sys_unefa/" local="130868101967230000" remote="130868101960000000" Dst="0" />
</dwsync>