<?xml version="1.0" encoding="utf-8" ?>
<dwsync>
<file name="busqueda.php" server="C:/xampp/htdocs/orveinca/" local="130772561357256000" remote="130772561350000000" Dst="0" />
<file name="pedido.php" server="C:/xampp/htdocs/orveinca/" local="130769634966392000" remote="130769634960000000" Dst="0" />
<file name="pedido_pdf.php" server="C:/xampp/htdocs/orveinca/" local="130769636243282000" remote="130769636240000000" Dst="0" />
<file name="buscar_pedido.php" server="C:/xampp/htdocs/orveinca/" local="130760969194660000" remote="130760969190000000" Dst="0" />
<file name="ajax_pedidos.php" server="C:/xampp/htdocs/orveinca/" local="130760970883850000" remote="130760970880000000" Dst="0" />
<file name="info_pedido.php" server="C:/xampp/htdocs/orveinca/" local="130769634470962000" remote="130769634470000000" Dst="0" />
<file name="entr_pedido.php" server="C:/xampp/htdocs/orveinca/" local="130769634157102000" remote="130769634150000000" Dst="0" />
<file name="ajax_pedidos.php" server="C:/AppServ/www/orveinca/" local="130760970883850000" remote="130760970880000000" Dst="0" />
<file name="buscar_pedido.php" server="C:/AppServ/www/orveinca/" local="130760969194660000" remote="130760969190000000" Dst="0" />
<file name="busqueda.php" server="C:/AppServ/www/orveinca/" local="130741394220000000" remote="130741394220000000" Dst="0" />
<file name="entr_pedido.php" server="C:/AppServ/www/orveinca/" local="130755129586386000" remote="130755129580000000" Dst="0" />
<file name="info_pedido.php" server="C:/AppServ/www/orveinca/" local="130741396600000000" remote="130741396600000000" Dst="0" />
<file name="pedido.php" server="C:/AppServ/www/orveinca/" local="130754306716816000" remote="130754306710000000" Dst="0" />
<file name="pedido_pdf.php" server="C:/AppServ/www/orveinca/" local="130754377801176000" remote="130754377800000000" Dst="0" />
</dwsync>