<?xml version="1.0" encoding="utf-8" ?>
<dwsync>
<file name="busqueda.php" server="C:/AppServ/www/" local="130572926961202000" remote="130572926960000000" Dst="0" />
<file name="orden_compra.php" server="C:/AppServ/www/" local="130576144264904500" remote="130576144260000000" Dst="0" />
<file name="busqueda.php" server="C:/AppServ/www/orveinca/" local="130760458370178000" remote="130760458370000000" Dst="0" />
<file name="orden_compra.php" server="C:/AppServ/www/orveinca/" local="130741401040000000" remote="130741401040000000" Dst="0" />
<file name="busqueda.php" server="C:/xampp/htdocs/orveinca/" local="130772560952386000" remote="130772560950000000" Dst="0" />
<file name="orden_compra.php" server="C:/xampp/htdocs/orveinca/" local="130769631153162000" remote="130769631150000000" Dst="0" />
<file name="orden_compra_pdf.php" server="C:/xampp/htdocs/orveinca/" local="130769632455552000" remote="130769632450000000" Dst="0" />
<file name="ajax_compras.php" server="C:/xampp/htdocs/orveinca/" local="130769678748222000" remote="130769678740000000" Dst="0" />
<file name="info_orde.php" server="C:/xampp/htdocs/orveinca/" local="130769629736262000" remote="130769629730000000" Dst="0" />
<file name="compras.php" server="C:/xampp/htdocs/orveinca/" local="130771390881084000" remote="130771390880000000" Dst="0" />
<file name="facturar_orden.php" server="C:/xampp/htdocs/orveinca/" local="130769642846262000" remote="130769642840000000" Dst="0" />
<file name="ingr_pago.php" server="C:/xampp/htdocs/orveinca/" local="130769943814664000" remote="130769943810000000" Dst="0" />
<file name="entr_prod.php" server="C:/xampp/htdocs/orveinca/" local="130769944286754000" remote="130769944280000000" Dst="0" />
<file name="ajax_compras.php" server="C:/AppServ/www/orveinca/" local="130760415721548000" remote="130760415720000000" Dst="0" />
<file name="compras.php" server="C:/AppServ/www/orveinca/" local="130760386447198000" remote="130760386440000000" Dst="0" />
<file name="entr_prod.php" server="C:/AppServ/www/orveinca/" local="130760451882048000" remote="130760451880000000" Dst="0" />
<file name="facturar_orden.php" server="C:/AppServ/www/orveinca/" local="130755235380000000" remote="130755235380000000" Dst="0" />
<file name="info_orde.php" server="C:/AppServ/www/orveinca/" local="130760942764580000" remote="130760942760000000" Dst="0" />
<file name="ingr_pago.php" server="C:/AppServ/www/orveinca/" local="130760880882102000" remote="130760880880000000" Dst="0" />
<file name="orden_compra_pdf.php" server="C:/AppServ/www/orveinca/" local="130754379740000000" remote="130754379740000000" Dst="0" />
<file name="reportes_pdf.php" server="C:/xampp/htdocs/orveinca/" local="130769923311544000" remote="130769923310000000" Dst="0" />
<file name="compras_reportes.php" server="C:/xampp/htdocs/orveinca/" local="130769923573634000" remote="130769923570000000" Dst="0" />
<file name="reportes_orde_pdf.php" server="C:/xampp/htdocs/orveinca/" local="130769921925074000" remote="130769921920000000" Dst="0" />
</dwsync>