<?xml version="1.0" encoding="utf-8" ?>
<dwsync>
<file name="btnNext.png" server="C:/AppServ/www/" local="128817750740000000" remote="128817750740000000" Dst="0" />
<file name="btnPrevious.png" server="C:/AppServ/www/" local="128817750740000000" remote="128817750740000000" Dst="0" />
<file name="contentPattern.png" server="C:/AppServ/www/" local="128817750740000000" remote="128817750740000000" Dst="0" />
<file name="dark_style_close.gif" server="C:/AppServ/www/" local="129345010660000000" remote="129345010660000000" Dst="0" />
<file name="loader.gif" server="C:/AppServ/www/" local="128817750740000000" remote="128817750740000000" Dst="0" />
<file name="next-dark-style.gif" server="C:/AppServ/www/" local="129345056940000000" remote="129345056940000000" Dst="0" />
<file name="prev-dark-style.gif" server="C:/AppServ/www/" local="129345056940000000" remote="129345056940000000" Dst="0" />
<file name="sprite.png" server="C:/AppServ/www/" local="128867881720000000" remote="128867881720000000" Dst="0" />
<file name="btnNext.png" server="C:/AppServ/www/orveinca/" local="128817750740000000" remote="128817750740000000" Dst="0" />
<file name="btnPrevious.png" server="C:/AppServ/www/orveinca/" local="128817750740000000" remote="128817750740000000" Dst="0" />
<file name="contentPattern.png" server="C:/AppServ/www/orveinca/" local="128817750740000000" remote="128817750740000000" Dst="0" />
<file name="dark_style_close.gif" server="C:/AppServ/www/orveinca/" local="129345010660000000" remote="129345010660000000" Dst="0" />
<file name="loader.gif" server="C:/AppServ/www/orveinca/" local="128817750740000000" remote="128817750740000000" Dst="0" />
<file name="next-dark-style.gif" server="C:/AppServ/www/orveinca/" local="129345056940000000" remote="129345056940000000" Dst="0" />
<file name="prev-dark-style.gif" server="C:/AppServ/www/orveinca/" local="129345056940000000" remote="129345056940000000" Dst="0" />
<file name="sprite.png" server="C:/AppServ/www/orveinca/" local="128867881720000000" remote="128867881720000000" Dst="0" />
<file name="btnNext.png" server="C:/xampp/htdocs/orveinca/" local="128817750740000000" remote="128817750740000000" Dst="0" />
<file name="btnPrevious.png" server="C:/xampp/htdocs/orveinca/" local="128817750740000000" remote="128817750740000000" Dst="0" />
<file name="contentPattern.png" server="C:/xampp/htdocs/orveinca/" local="128817750740000000" remote="128817750740000000" Dst="0" />
<file name="dark_style_close.gif" server="C:/xampp/htdocs/orveinca/" local="129345010660000000" remote="129345010660000000" Dst="0" />
<file name="loader.gif" server="C:/xampp/htdocs/orveinca/" local="128817750740000000" remote="128817750740000000" Dst="0" />
<file name="next-dark-style.gif" server="C:/xampp/htdocs/orveinca/" local="129345056940000000" remote="129345056940000000" Dst="0" />
<file name="prev-dark-style.gif" server="C:/xampp/htdocs/orveinca/" local="129345056940000000" remote="129345056940000000" Dst="0" />
<file name="sprite.png" server="C:/xampp/htdocs/orveinca/" local="128867881720000000" remote="128867881720000000" Dst="0" />
</dwsync>