<?xml version="1.0" encoding="utf-8" ?>
<dwsync>
<file name="info_empleados.php" server="C:/xampp/htdocs/orveinca/" local="130781716128150000" remote="130781716120000000" Dst="0" />
<file name="buscar_empleados.php" server="C:/xampp/htdocs/orveinca/" local="130760976282650000" remote="130760976280000000" Dst="0" />
<file name="editar_empleados.php" server="C:/xampp/htdocs/orveinca/" local="130752423103846000" remote="130752423100000000" Dst="0" />
<file name="empleados_ajax.php" server="C:/xampp/htdocs/orveinca/" local="130760975244980000" remote="130760975240000000" Dst="0" />
<file name="empleados_allinfo.php" server="C:/xampp/htdocs/orveinca/" local="130790469149616000" remote="130790469140000000" Dst="0" />
<file name="buscar_empleados.php" server="C:/AppServ/www/orveinca/" local="130760976282650000" remote="130760976280000000" Dst="0" />
<file name="editar_empleados.php" server="C:/AppServ/www/orveinca/" local="130752423103846000" remote="130752423100000000" Dst="0" />
<file name="empleados_ajax.php" server="C:/AppServ/www/orveinca/" local="130760975244980000" remote="130760975240000000" Dst="0" />
<file name="empleados_allinfo.php" server="C:/AppServ/www/orveinca/" local="130752634819462000" remote="130752634810000000" Dst="0" />
<file name="info_empleados.php" server="C:/AppServ/www/orveinca/" local="130752305140050000" remote="130752305140000000" Dst="0" />
</dwsync>