<?xml version="1.0" encoding="utf-8" ?>
<dwsync>
<file name="default_thumb.png" server="C:/AppServ/www/" local="129448281880000000" remote="129448281880000000" Dst="0" />
<file name="loader.gif" server="C:/AppServ/www/" local="129448281880000000" remote="129448281880000000" Dst="0" />
<file name="sprite.png" server="C:/AppServ/www/" local="129448281900000000" remote="129448281900000000" Dst="0" />
<file name="sprite_next.png" server="C:/AppServ/www/" local="129448281880000000" remote="129448281880000000" Dst="0" />
<file name="sprite_prev.png" server="C:/AppServ/www/" local="129448281900000000" remote="129448281900000000" Dst="0" />
<file name="sprite_x.png" server="C:/AppServ/www/" local="129448281900000000" remote="129448281900000000" Dst="0" />
<file name="sprite_y.png" server="C:/AppServ/www/" local="129448281900000000" remote="129448281900000000" Dst="0" />
<file name="default_thumb.png" server="C:/AppServ/www/orveinca/" local="129448281880000000" remote="129448281880000000" Dst="0" />
<file name="loader.gif" server="C:/AppServ/www/orveinca/" local="129448281880000000" remote="129448281880000000" Dst="0" />
<file name="sprite.png" server="C:/AppServ/www/orveinca/" local="129448281900000000" remote="129448281900000000" Dst="0" />
<file name="sprite_next.png" server="C:/AppServ/www/orveinca/" local="129448281880000000" remote="129448281880000000" Dst="0" />
<file name="sprite_prev.png" server="C:/AppServ/www/orveinca/" local="129448281900000000" remote="129448281900000000" Dst="0" />
<file name="sprite_x.png" server="C:/AppServ/www/orveinca/" local="129448281900000000" remote="129448281900000000" Dst="0" />
<file name="sprite_y.png" server="C:/AppServ/www/orveinca/" local="129448281900000000" remote="129448281900000000" Dst="0" />
<file name="default_thumb.png" server="C:/xampp/htdocs/orveinca/" local="129448281880000000" remote="129448281880000000" Dst="0" />
<file name="loader.gif" server="C:/xampp/htdocs/orveinca/" local="129448281880000000" remote="129448281880000000" Dst="0" />
<file name="sprite.png" server="C:/xampp/htdocs/orveinca/" local="129448281900000000" remote="129448281900000000" Dst="0" />
<file name="sprite_next.png" server="C:/xampp/htdocs/orveinca/" local="129448281880000000" remote="129448281880000000" Dst="0" />
<file name="sprite_prev.png" server="C:/xampp/htdocs/orveinca/" local="129448281900000000" remote="129448281900000000" Dst="0" />
<file name="sprite_x.png" server="C:/xampp/htdocs/orveinca/" local="129448281900000000" remote="129448281900000000" Dst="0" />
<file name="sprite_y.png" server="C:/xampp/htdocs/orveinca/" local="129448281900000000" remote="129448281900000000" Dst="0" />
</dwsync>