<?xml version="1.0" encoding="utf-8" ?>
<dwsync>
<file name="3.jpg" server="C:/AppServ/www/" local="130517588360000000" remote="130517588360000000" Dst="0" />
<file name="boxtop.png" server="C:/AppServ/www/" local="129633512000000000" remote="129633512000000000" Dst="0" />
<file name="favicon.bmp" server="C:/AppServ/www/" local="130537233640000000" remote="130537233640000000" Dst="0" />
<file name="favicon.ico" server="C:/AppServ/www/" local="130537233840000000" remote="130537233840000000" Dst="0" />
<file name="favicon.png" server="C:/AppServ/www/" local="130536206260000000" remote="130536206260000000" Dst="0" />
<file name="gmail.jpg" server="C:/AppServ/www/" local="130537226900000000" remote="130537226900000000" Dst="0" />
<file name="home.png" server="C:/AppServ/www/" local="129633512000000000" remote="129633512000000000" Dst="0" />
<file name="nav.png" server="C:/AppServ/www/" local="129633512000000000" remote="129633512000000000" Dst="0" />
<file name="navigation-bg.png" server="C:/AppServ/www/" local="130521930740000000" remote="130521930740000000" Dst="0" />
<file name="options.png" server="C:/AppServ/www/" local="129633512000000000" remote="129633512000000000" Dst="0" />
<file name="outlokk.jpg" server="C:/AppServ/www/" local="130537222980000000" remote="130537222980000000" Dst="0" />
<file name="shadow.png" server="C:/AppServ/www/" local="129633512000000000" remote="129633512000000000" Dst="0" />
<file name="favicon.png" server="E:/web/orveinca/" local="130536206260000000" remote="130536206260000000" Dst="0" />
<file name="favicon.png" server="C:/AppServ/www/orveinca/" local="130536206260000000" remote="130536206260000000" Dst="0" />
<file name="3.jpg" server="C:/AppServ/www/orveinca/" local="130517588360000000" remote="130517588360000000" Dst="0" />
<file name="boxtop.png" server="C:/AppServ/www/orveinca/" local="129633512000000000" remote="129633512000000000" Dst="0" />
<file name="favicon.bmp" server="C:/AppServ/www/orveinca/" local="130537233640000000" remote="130537233640000000" Dst="0" />
<file name="favicon.ico" server="C:/AppServ/www/orveinca/" local="130686620860000000" remote="130686620860000000" Dst="0" />
<file name="gmail.jpg" server="C:/AppServ/www/orveinca/" local="130537226900000000" remote="130537226900000000" Dst="0" />
<file name="home.png" server="C:/AppServ/www/orveinca/" local="129633512000000000" remote="129633512000000000" Dst="0" />
<file name="nav.png" server="C:/AppServ/www/orveinca/" local="129633512000000000" remote="129633512000000000" Dst="0" />
<file name="navigation-bg.png" server="C:/AppServ/www/orveinca/" local="130521930740000000" remote="130521930740000000" Dst="0" />
<file name="options.png" server="C:/AppServ/www/orveinca/" local="129633512000000000" remote="129633512000000000" Dst="0" />
<file name="outlokk.jpg" server="C:/AppServ/www/orveinca/" local="130537222980000000" remote="130537222980000000" Dst="0" />
<file name="shadow.png" server="C:/AppServ/www/orveinca/" local="129633512000000000" remote="129633512000000000" Dst="0" />
<file name="logo_largo.png" server="C:/AppServ/www/orveinca/" local="130694470600000000" remote="130694470600000000" Dst="0" />
<file name="favicon.gif" server="C:/AppServ/www/orveinca/" local="130699030020000000" remote="130699030020000000" Dst="0" />
<file name="logo.gif" server="C:/AppServ/www/orveinca/" local="130698221720000000" remote="130698221720000000" Dst="0" />
<file name="3.jpg" server="C:/xampp/htdocs/orveinca/" local="130517588360000000" remote="130517588360000000" Dst="0" />
<file name="boxtop.png" server="C:/xampp/htdocs/orveinca/" local="129633512000000000" remote="129633512000000000" Dst="0" />
<file name="favicon.bmp" server="C:/xampp/htdocs/orveinca/" local="130537233640000000" remote="130537233640000000" Dst="0" />
<file name="favicon.gif" server="C:/xampp/htdocs/orveinca/" local="130699030020000000" remote="130699030020000000" Dst="0" />
<file name="favicon.ico" server="C:/xampp/htdocs/orveinca/" local="130686620860000000" remote="130686620860000000" Dst="0" />
<file name="favicon.png" server="C:/xampp/htdocs/orveinca/" local="130536206260000000" remote="130536206260000000" Dst="0" />
<file name="gmail.jpg" server="C:/xampp/htdocs/orveinca/" local="130537226900000000" remote="130537226900000000" Dst="0" />
<file name="home.png" server="C:/xampp/htdocs/orveinca/" local="129633512000000000" remote="129633512000000000" Dst="0" />
<file name="logo.gif" server="C:/xampp/htdocs/orveinca/" local="130698221720000000" remote="130698221720000000" Dst="0" />
<file name="logo_largo.png" server="C:/xampp/htdocs/orveinca/" local="130694470600000000" remote="130694470600000000" Dst="0" />
<file name="nav.png" server="C:/xampp/htdocs/orveinca/" local="129633512000000000" remote="129633512000000000" Dst="0" />
<file name="navigation-bg.png" server="C:/xampp/htdocs/orveinca/" local="130521930740000000" remote="130521930740000000" Dst="0" />
<file name="options.png" server="C:/xampp/htdocs/orveinca/" local="129633512000000000" remote="129633512000000000" Dst="0" />
<file name="outlokk.jpg" server="C:/xampp/htdocs/orveinca/" local="130537222980000000" remote="130537222980000000" Dst="0" />
<file name="shadow.png" server="C:/xampp/htdocs/orveinca/" local="129633512000000000" remote="129633512000000000" Dst="0" />
<file name="entregado.png" server="C:/xampp/htdocs/orveinca/" local="130739695500000000" remote="130739695500000000" Dst="0" />
<file name="cancelado.png" server="C:/xampp/htdocs/orveinca/" local="130739697780000000" remote="130739697780000000" Dst="0" />
<file name="facturado.png" server="C:/xampp/htdocs/orveinca/" local="130754383191016000" remote="130754383190000000" Dst="0" />
<file name="cancelado.png" server="C:/AppServ/www/orveinca/" local="130739697780000000" remote="130739697780000000" Dst="0" />
<file name="entregado.png" server="C:/AppServ/www/orveinca/" local="130739695500000000" remote="130739695500000000" Dst="0" />
<file name="facturado.png" server="C:/AppServ/www/orveinca/" local="130754383191016000" remote="130754383190000000" Dst="0" />
<file name="pagado.png" server="C:/xampp/htdocs/orveinca/" local="130770779155850000" remote="130770779150000000" Dst="0" />
</dwsync>