<?xml version="1.0" encoding="utf-8" ?>
<dwsync>
<file name="fontawesome-webfont.eot" server="C:/xampp/htdocs/orveinca/" local="129883155100000000" remote="129883155100000000" Dst="0" />
<file name="fontawesome-webfont.svg" server="C:/xampp/htdocs/orveinca/" local="129883155100000000" remote="129883155100000000" Dst="0" />
<file name="fontawesome-webfont.ttf" server="C:/xampp/htdocs/orveinca/" local="129883155100000000" remote="129883155100000000" Dst="0" />
<file name="fontawesome-webfont.woff" server="C:/xampp/htdocs/orveinca/" local="129883155100000000" remote="129883155100000000" Dst="0" />
<file name="fontawesome-webfont.eot" server="C:/AppServ/www/orveinca/" local="129883155100000000" remote="129883155100000000" Dst="0" />
<file name="fontawesome-webfont.svg" server="C:/AppServ/www/orveinca/" local="129883155100000000" remote="129883155100000000" Dst="0" />
<file name="fontawesome-webfont.ttf" server="C:/AppServ/www/orveinca/" local="129883155100000000" remote="129883155100000000" Dst="0" />
<file name="fontawesome-webfont.woff" server="C:/AppServ/www/orveinca/" local="129883155100000000" remote="129883155100000000" Dst="0" />
</dwsync>