<?xml version="1.0" encoding="utf-8" ?>
<dwsync>
<file name="insertar_nuevo.php" server="C:/AppServ/www/" local="130573584495002000" remote="130573584490000000" Dst="0" />
<file name="l_precios.php" server="C:/AppServ/www/" local="130672733047133000" remote="130672733040000000" Dst="0" />
<file name="insertar_nuevo.php" server="C:/AppServ/www/orveinca/" local="130760855669162000" remote="130760855660000000" Dst="0" />
<file name="l_precios.php" server="C:/AppServ/www/orveinca/" local="130740587560000000" remote="130740587560000000" Dst="0" />
<file name="l_precios_pdf.php" server="C:/AppServ/www/orveinca/" local="130741405500000000" remote="130741405500000000" Dst="0" />
<file name="info.php" server="C:/AppServ/www/orveinca/" local="130760400539618000" remote="130760400530000000" Dst="0" />
<file name="ajax_precios.php" server="C:/AppServ/www/orveinca/" local="130743569800000000" remote="130743569800000000" Dst="0" />
<file name="ajax_precios.php" server="C:/xampp/htdocs/orveinca/" local="130766453408690000" remote="130766453400000000" Dst="0" />
<file name="info.php" server="C:/xampp/htdocs/orveinca/" local="130770809149350000" remote="130770809140000000" Dst="0" />
<file name="insertar_nuevo.php" server="C:/xampp/htdocs/orveinca/" local="130772305830242000" remote="130772305830000000" Dst="0" />
<file name="l_precios.php" server="C:/xampp/htdocs/orveinca/" local="130773217835050000" remote="130773217830000000" Dst="0" />
<file name="l_precios_pdf.php" server="C:/xampp/htdocs/orveinca/" local="130781018163298000" remote="130781018160000000" Dst="0" />
<file name="catalogo_pdf.php" server="C:/xampp/htdocs/orveinca/" local="130764322074052000" remote="130764322070000000" Dst="0" />
<file name="catalogo_pdf.php" server="C:/AppServ/www/orveinca/" local="130731000840000000" remote="130731000840000000" Dst="0" />
<file name="clasificacion.php" server="C:/xampp/htdocs/orveinca/" local="130771638983750000" remote="130771638980000000" Dst="0" />
<file name="l_precios2_pdf.php" server="C:/xampp/htdocs/orveinca/" local="130773224128730000" remote="130773224120000000" Dst="0" />
</dwsync>