<?xml version="1.0" encoding="utf-8" ?>
<dwsync>
<file name="img.php" server="C:/AppServ/www/orveinca/" local="130731011600000000" remote="130731011600000000" Dst="0" />
<file name="redimen.php" server="C:/AppServ/www/orveinca/" local="130731042400000000" remote="130731042400000000" Dst="0" />
<file name="redimen_dir.php" server="C:/AppServ/www/orveinca/" local="130731016420000000" remote="130731016420000000" Dst="0" />
<file name="img_error.php" server="C:/AppServ/www/orveinca/" local="130707751220000000" remote="130707751220000000" Dst="0" />
<file name="img.php" server="C:/xampp/htdocs/orveinca/" local="130782517883471000" remote="130782517880000000" Dst="0" />
<file name="img_error.php" server="C:/xampp/htdocs/orveinca/" local="130773208489350000" remote="130773208480000000" Dst="0" />
<file name="redimen.php" server="C:/xampp/htdocs/orveinca/" local="130782523422651000" remote="130782523420000000" Dst="0" />
<file name="redimen_dir.php" server="C:/xampp/htdocs/orveinca/" local="130731016412188000" remote="130731016410000000" Dst="0" />
</dwsync>