<?xml version="1.0" encoding="utf-8" ?>
<dwsync>
<file name="busqueda.php" server="C:/AppServ/www/" local="130572926514352000" remote="130572926510000000" Dst="0" />
<file name="busqueda.php" server="C:/AppServ/www/orveinca/" local="130741394100000000" remote="130741394100000000" Dst="0" />
<file name="busqueda.php" server="C:/xampp/htdocs/orveinca/" local="130772558460336000" remote="130772558460000000" Dst="0" />
<file name="cotizacion.php" server="C:/xampp/htdocs/orveinca/" local="130772553906336000" remote="130772553900000000" Dst="0" />
<file name="cotizacion_pdf.php" server="C:/xampp/htdocs/orveinca/" local="130773280316810000" remote="130773280310000000" Dst="0" />
<file name="cotizacion.php" server="C:/AppServ/www/orveinca/" local="130760951573120000" remote="130760951570000000" Dst="0" />
<file name="cotizacion_pdf.php" server="C:/AppServ/www/orveinca/" local="130760954516150000" remote="130760954510000000" Dst="0" />
<file name="busqueda_cliente.php" server="C:/AppServ/www/orveinca/" local="130729264520000000" remote="130729264520000000" Dst="0" />
<file name="cotizacion_image_pdf.php" server="C:/xampp/htdocs/orveinca/" local="130772568013406000" remote="130772568010000000" Dst="0" />
</dwsync>