<?xml version="1.0" encoding="utf-8" ?>
<dwsync>
<file name="buscar_info_cliente.php" server="C:/AppServ/www/orveinca/" local="130741075580000000" remote="130741075580000000" Dst="0" />
<file name="cliente.php" server="C:/AppServ/www/orveinca/" local="130752651606192000" remote="130752651600000000" Dst="0" />
<file name="editar_cliente.php" server="C:/AppServ/www/orveinca/" local="130752655244122000" remote="130752655240000000" Dst="0" />
<file name="info_cliente.php" server="C:/AppServ/www/orveinca/" local="130752650582682000" remote="130752650580000000" Dst="0" />
<file name="cliente_pdf.php" server="C:/AppServ/www/orveinca/" local="130730793480000000" remote="130730793480000000" Dst="0" />
<file name="cliente_allinfo.php" server="C:/AppServ/www/orveinca/" local="130752653849092000" remote="130752653840000000" Dst="0" />
<file name="cliente_ajax.php" server="C:/AppServ/www/orveinca/" local="130737071000000000" remote="130737071000000000" Dst="0" />
<file name="buscar_info_cliente.php" server="C:/xampp/htdocs/orveinca/" local="130741075562462000" remote="130741075560000000" Dst="0" />
<file name="cliente.php" server="C:/xampp/htdocs/orveinca/" local="130790409997876000" remote="130790409990000000" Dst="0" />
<file name="cliente_ajax.php" server="C:/xampp/htdocs/orveinca/" local="130772161860362000" remote="130772161860000000" Dst="0" />
<file name="cliente_pdf.php" server="C:/xampp/htdocs/orveinca/" local="130780963064528000" remote="130780963060000000" Dst="0" />
<file name="editar_cliente.php" server="C:/xampp/htdocs/orveinca/" local="130772185857902000" remote="130772185850000000" Dst="0" />
<file name="info_cliente.php" server="C:/xampp/htdocs/orveinca/" local="130772315960872000" remote="130772315960000000" Dst="0" />
<file name="cliente_allinfo.php" server="C:/xampp/htdocs/orveinca/" local="130769606541352000" remote="130769606540000000" Dst="0" />
<file name="clientes_reportes.php" server="C:/xampp/htdocs/orveinca/" local="130772324372962000" remote="130772324370000000" Dst="0" />
</dwsync>