<?xml version="1.0" encoding="utf-8" ?>
<dwsync>
<file name="copy.png" server="C:/AppServ/www/" local="130551315960000000" remote="130551315960000000" Dst="0" />
<file name="2013.png" server="C:/AppServ/www/" local="130544244820000000" remote="130544244820000000" Dst="0" />
<file name="2014.png" server="C:/AppServ/www/" local="130544244640000000" remote="130544244640000000" Dst="0" />
<file name="2015.png" server="C:/AppServ/www/" local="130544244980000000" remote="130544244980000000" Dst="0" />
<file name="2016.png" server="C:/AppServ/www/" local="130544245200000000" remote="130544245200000000" Dst="0" />
<file name="2017.png" server="C:/AppServ/www/" local="130551887880000000" remote="130551887880000000" Dst="0" />
<file name="arrow.gif" server="C:/AppServ/www/" local="129167676960000000" remote="129167676960000000" Dst="0" />
<file name="arrows.png" server="C:/AppServ/www/" local="129579137720000000" remote="129579137720000000" Dst="0" />
<file name="banesco.png" server="C:/AppServ/www/" local="130537409240000000" remote="130537409240000000" Dst="0" />
<file name="barra se seguridad.png" server="C:/AppServ/www/" local="130500990760000000" remote="130500990760000000" Dst="0" />
<file name="bg.gif" server="C:/AppServ/www/" local="129205697580000000" remote="129205697580000000" Dst="0" />
<file name="bod.png" server="C:/AppServ/www/" local="130537409780000000" remote="130537409780000000" Dst="0" />
<file name="button-tail.gif" server="C:/AppServ/www/" local="129720817140000000" remote="129720817140000000" Dst="0" />
<file name="b_print.png" server="C:/AppServ/www/" local="130538874440000000" remote="130538874440000000" Dst="0" />
<file name="cargando.png" server="C:/AppServ/www/" local="130566054140000000" remote="130566054140000000" Dst="0" />
<file name="catalogo.png" server="C:/AppServ/www/" local="130554529240000000" remote="130554529240000000" Dst="0" />
<file name="center_bg_pages.gif" server="C:/AppServ/www/" local="129206041100000000" remote="129206041100000000" Dst="0" />
<file name="center_bg_repeat.gif" server="C:/AppServ/www/" local="129205702700000000" remote="129205702700000000" Dst="0" />
<file name="clientes.png" server="C:/AppServ/www/" local="130538375040000000" remote="130538375040000000" Dst="0" />
<file name="compras.png" server="C:/AppServ/www/" local="130541710680000000" remote="130541710680000000" Dst="0" />
<file name="correo.png" server="C:/AppServ/www/" local="130537414960000000" remote="130537414960000000" Dst="0" />
<file name="derecha-hover.png" server="C:/AppServ/www/" local="129743588820000000" remote="129743588820000000" Dst="0" />
<file name="derecha.png" server="C:/AppServ/www/" local="129743585920000000" remote="129743585920000000" Dst="0" />
<file name="dic .png" server="C:/AppServ/www/" local="130517525500000000" remote="130517525500000000" Dst="0" />
<file name="edit.png" server="C:/AppServ/www/" local="130572654163662000" remote="130572654160000000" Dst="0" />
<file name="edit_hover.png" server="C:/AppServ/www/" local="130572654615082000" remote="130572654610000000" Dst="0" />
<file name="edi_clientes.png" server="C:/AppServ/www/" local="130538406220000000" remote="130538406220000000" Dst="0" />
<file name="elimina.png" server="C:/AppServ/www/" local="130572669035312000" remote="130572669030000000" Dst="0" />
<file name="elimina_hover.png" server="C:/AppServ/www/" local="130572655269192000" remote="130572655260000000" Dst="0" />
<file name="estadisticas.png" server="C:/AppServ/www/" local="130551353700000000" remote="130551353700000000" Dst="0" />
<file name="featured-button-off.png" server="C:/AppServ/www/" local="129205713680000000" remote="129205713680000000" Dst="0" />
<file name="featured-button-on.png" server="C:/AppServ/www/" local="129165223340000000" remote="129165223340000000" Dst="0" />
<file name="featured-desc-bg.png" server="C:/AppServ/www/" local="129165223620000000" remote="129165223620000000" Dst="0" />
<file name="footer_bg.jpg" server="C:/AppServ/www/" local="129167707340000000" remote="129167707340000000" Dst="0" />
<file name="gastos.png" server="C:/AppServ/www/" local="130536652140000000" remote="130536652140000000" Dst="0" />
<file name="guardar.png" server="C:/AppServ/www/" local="130551325640000000" remote="130551325640000000" Dst="0" />
<file name="header-box.png" server="C:/AppServ/www/" local="130517523340000000" remote="130517523340000000" Dst="0" />
<file name="header-tail.gif" server="C:/AppServ/www/" local="130515882280000000" remote="130515882280000000" Dst="0" />
<file name="home_block_bg.gif" server="C:/AppServ/www/" local="129205972780000000" remote="129205972780000000" Dst="0" />
<file name="home_section_thumb1.jpg" server="C:/AppServ/www/" local="129205982260000000" remote="129205982260000000" Dst="0" />
<file name="home_section_thumb2.jpg" server="C:/AppServ/www/" local="129205982380000000" remote="129205982380000000" Dst="0" />
<file name="home_section_thumb3.jpg" server="C:/AppServ/www/" local="129205982320000000" remote="129205982320000000" Dst="0" />
<file name="ico.gif" server="C:/AppServ/www/" local="130515805220000000" remote="130515805220000000" Dst="0" />
<file name="icon-16-delete.png" server="C:/AppServ/www/" local="130551321260000000" remote="130551321260000000" Dst="0" />
<file name="icon-16-trash.png" server="C:/AppServ/www/" local="130551321840000000" remote="130551321840000000" Dst="0" />
<file name="icon-48-trash.png" server="C:/AppServ/www/" local="130551323160000000" remote="130551323160000000" Dst="0" />
<file name="icon1.gif" server="C:/AppServ/www/" local="129205974340000000" remote="129205974340000000" Dst="0" />
<file name="icon1.png" server="C:/AppServ/www/" local="129497001580000000" remote="129497001580000000" Dst="0" />
<file name="icon2.gif" server="C:/AppServ/www/" local="129205974280000000" remote="129205974280000000" Dst="0" />
<file name="icon3.gif" server="C:/AppServ/www/" local="129205974220000000" remote="129205974220000000" Dst="0" />
<file name="icon4.png" server="C:/AppServ/www/" local="129497001600000000" remote="129497001600000000" Dst="0" />
<file name="img-hover.png" server="C:/AppServ/www/" local="130515740560000000" remote="130515740560000000" Dst="0" />
<file name="inventario.png" server="C:/AppServ/www/" local="130535750160000000" remote="130535750160000000" Dst="0" />
<file name="izquierda-hover.png" server="C:/AppServ/www/" local="129743588840000000" remote="129743588840000000" Dst="0" />
<file name="izquierda.png" server="C:/AppServ/www/" local="129743587000000000" remote="129743587000000000" Dst="0" />
<file name="lock.png" server="C:/AppServ/www/" local="130536215260000000" remote="130536215260000000" Dst="0" />
<file name="logo-largo.png" server="C:/AppServ/www/" local="130550123620000000" remote="130550123620000000" Dst="0" />
<file name="logo.gif" server="C:/AppServ/www/" local="129205700960000000" remote="129205700960000000" Dst="0" />
<file name="m-section.png" server="C:/AppServ/www/" local="130525308040000000" remote="130525308040000000" Dst="0" />
<file name="m-section2.png" server="C:/AppServ/www/" local="130525308580000000" remote="130525308580000000" Dst="0" />
<file name="map.jpg" server="C:/AppServ/www/" local="130515867000000000" remote="130515867000000000" Dst="0" />
<file name="mercadolibre.png" server="C:/AppServ/www/" local="130537410620000000" remote="130537410620000000" Dst="0" />
<file name="middle_banner_bg.gif" server="C:/AppServ/www/" local="129205700320000000" remote="129205700320000000" Dst="0" />
<file name="middle_banner_bg.png" server="C:/AppServ/www/" local="130517576320000000" remote="130517576320000000" Dst="0" />
<file name="middle_banner_bg2.gif" server="C:/AppServ/www/" local="130517580880000000" remote="130517580880000000" Dst="0" />
<file name="more.gif" server="C:/AppServ/www/" local="129205986200000000" remote="129205986200000000" Dst="0" />
<file name="over.png" server="C:/AppServ/www/" local="129391547360000000" remote="129391547360000000" Dst="0" />
<file name="o_compra.png" server="C:/AppServ/www/" local="130541794900000000" remote="130541794900000000" Dst="0" />
<file name="p1.jpg" server="C:/AppServ/www/" local="129205990680000000" remote="129205990680000000" Dst="0" />
<file name="p2.jpg" server="C:/AppServ/www/" local="129205990620000000" remote="129205990620000000" Dst="0" />
<file name="p3.jpg" server="C:/AppServ/www/" local="129205990740000000" remote="129205990740000000" Dst="0" />
<file name="partners1.png" server="C:/AppServ/www/" local="130020989840000000" remote="130020989840000000" Dst="0" />
<file name="partners2.png" server="C:/AppServ/www/" local="130020989840000000" remote="130020989840000000" Dst="0" />
<file name="partners3.png" server="C:/AppServ/www/" local="130020989840000000" remote="130020989840000000" Dst="0" />
<file name="partners4.png" server="C:/AppServ/www/" local="130020989840000000" remote="130020989840000000" Dst="0" />
<file name="pic.jpg" server="C:/AppServ/www/" local="129206507160000000" remote="129206507160000000" Dst="0" />
<file name="print.png" server="C:/AppServ/www/" local="130535748140000000" remote="130535748140000000" Dst="0" />
<file name="prosupuesto.png" server="C:/AppServ/www/" local="130538381720000000" remote="130538381720000000" Dst="0" />
<file name="section.png" server="C:/AppServ/www/" local="130020989840000000" remote="130020989840000000" Dst="0" />
<file name="section@2x.png" server="C:/AppServ/www/" local="130020989840000000" remote="130020989840000000" Dst="0" />
<file name="Sin título-1.pxr" server="C:/AppServ/www/" local="130527035460000000" remote="130527035460000000" Dst="0" />
<file name="slider_photo.jpg" server="C:/AppServ/www/" local="129205710860000000" remote="129205710860000000" Dst="0" />
<file name="slider_photo2.jpg" server="C:/AppServ/www/" local="129205710680000000" remote="129205710680000000" Dst="0" />
<file name="slider_photo3.jpg" server="C:/AppServ/www/" local="129205710780000000" remote="129205710780000000" Dst="0" />
<file name="slider_photo4.jpg" server="C:/AppServ/www/" local="129205710600000000" remote="129205710600000000" Dst="0" />
<file name="top_bg.gif" server="C:/AppServ/www/" local="129205701440000000" remote="129205701440000000" Dst="0" />
<file name="ventas.png" server="C:/AppServ/www/" local="130541796200000000" remote="130541796200000000" Dst="0" />
<file name="2013.png" server="C:/AppServ/www/orveinca/" local="130544244820000000" remote="130544244820000000" Dst="0" />
<file name="2014.png" server="C:/AppServ/www/orveinca/" local="130544244640000000" remote="130544244640000000" Dst="0" />
<file name="2015.png" server="C:/AppServ/www/orveinca/" local="130544244980000000" remote="130544244980000000" Dst="0" />
<file name="2016.png" server="C:/AppServ/www/orveinca/" local="130544245200000000" remote="130544245200000000" Dst="0" />
<file name="2017.png" server="C:/AppServ/www/orveinca/" local="130551887880000000" remote="130551887880000000" Dst="0" />
<file name="arrow.gif" server="C:/AppServ/www/orveinca/" local="129167676960000000" remote="129167676960000000" Dst="0" />
<file name="arrows.png" server="C:/AppServ/www/orveinca/" local="129579137720000000" remote="129579137720000000" Dst="0" />
<file name="b_print.png" server="C:/AppServ/www/orveinca/" local="130538874440000000" remote="130538874440000000" Dst="0" />
<file name="banesco.png" server="C:/AppServ/www/orveinca/" local="130537409240000000" remote="130537409240000000" Dst="0" />
<file name="barra se seguridad.png" server="C:/AppServ/www/orveinca/" local="130500990760000000" remote="130500990760000000" Dst="0" />
<file name="bg.gif" server="C:/AppServ/www/orveinca/" local="129205697580000000" remote="129205697580000000" Dst="0" />
<file name="bod.png" server="C:/AppServ/www/orveinca/" local="130537409780000000" remote="130537409780000000" Dst="0" />
<file name="button-tail.gif" server="C:/AppServ/www/orveinca/" local="129720817140000000" remote="129720817140000000" Dst="0" />
<file name="cargando.png" server="C:/AppServ/www/orveinca/" local="130566054140000000" remote="130566054140000000" Dst="0" />
<file name="catalogo.png" server="C:/AppServ/www/orveinca/" local="130554529240000000" remote="130554529240000000" Dst="0" />
<file name="center_bg_pages.gif" server="C:/AppServ/www/orveinca/" local="129206041100000000" remote="129206041100000000" Dst="0" />
<file name="center_bg_repeat.gif" server="C:/AppServ/www/orveinca/" local="129205702700000000" remote="129205702700000000" Dst="0" />
<file name="clientes.png" server="C:/AppServ/www/orveinca/" local="130538375040000000" remote="130538375040000000" Dst="0" />
<file name="compras.png" server="C:/AppServ/www/orveinca/" local="130541710680000000" remote="130541710680000000" Dst="0" />
<file name="copy.png" server="C:/AppServ/www/orveinca/" local="130551315960000000" remote="130551315960000000" Dst="0" />
<file name="correo.png" server="C:/AppServ/www/orveinca/" local="130537414960000000" remote="130537414960000000" Dst="0" />
<file name="derecha-hover.png" server="C:/AppServ/www/orveinca/" local="129743588820000000" remote="129743588820000000" Dst="0" />
<file name="derecha.png" server="C:/AppServ/www/orveinca/" local="129743585920000000" remote="129743585920000000" Dst="0" />
<file name="dic .png" server="C:/AppServ/www/orveinca/" local="130517525500000000" remote="130517525500000000" Dst="0" />
<file name="edi_clientes.png" server="C:/AppServ/www/orveinca/" local="130538406220000000" remote="130538406220000000" Dst="0" />
<file name="edit.png" server="C:/AppServ/www/orveinca/" local="130572654180000000" remote="130572654180000000" Dst="0" />
<file name="edit_hover.png" server="C:/AppServ/www/orveinca/" local="130572654620000000" remote="130572654620000000" Dst="0" />
<file name="elimina.png" server="C:/AppServ/www/orveinca/" local="130572669040000000" remote="130572669040000000" Dst="0" />
<file name="elimina_hover.png" server="C:/AppServ/www/orveinca/" local="130572655280000000" remote="130572655280000000" Dst="0" />
<file name="estadisticas.png" server="C:/AppServ/www/orveinca/" local="130551353700000000" remote="130551353700000000" Dst="0" />
<file name="featured-button-off.png" server="C:/AppServ/www/orveinca/" local="129205713680000000" remote="129205713680000000" Dst="0" />
<file name="featured-button-on.png" server="C:/AppServ/www/orveinca/" local="129165223340000000" remote="129165223340000000" Dst="0" />
<file name="featured-desc-bg.png" server="C:/AppServ/www/orveinca/" local="129165223620000000" remote="129165223620000000" Dst="0" />
<file name="footer_bg.jpg" server="C:/AppServ/www/orveinca/" local="129167707340000000" remote="129167707340000000" Dst="0" />
<file name="gastos.png" server="C:/AppServ/www/orveinca/" local="130536652140000000" remote="130536652140000000" Dst="0" />
<file name="guardar.png" server="C:/AppServ/www/orveinca/" local="130551325640000000" remote="130551325640000000" Dst="0" />
<file name="header-box.png" server="C:/AppServ/www/orveinca/" local="130517523340000000" remote="130517523340000000" Dst="0" />
<file name="header-tail.gif" server="C:/AppServ/www/orveinca/" local="130515882280000000" remote="130515882280000000" Dst="0" />
<file name="home_block_bg.gif" server="C:/AppServ/www/orveinca/" local="129205972780000000" remote="129205972780000000" Dst="0" />
<file name="home_section_thumb1.jpg" server="C:/AppServ/www/orveinca/" local="129205982260000000" remote="129205982260000000" Dst="0" />
<file name="home_section_thumb2.jpg" server="C:/AppServ/www/orveinca/" local="129205982380000000" remote="129205982380000000" Dst="0" />
<file name="home_section_thumb3.jpg" server="C:/AppServ/www/orveinca/" local="129205982320000000" remote="129205982320000000" Dst="0" />
<file name="ico.gif" server="C:/AppServ/www/orveinca/" local="130515805220000000" remote="130515805220000000" Dst="0" />
<file name="icon-16-delete.png" server="C:/AppServ/www/orveinca/" local="130551321260000000" remote="130551321260000000" Dst="0" />
<file name="icon-16-trash.png" server="C:/AppServ/www/orveinca/" local="130551321840000000" remote="130551321840000000" Dst="0" />
<file name="icon-48-trash.png" server="C:/AppServ/www/orveinca/" local="130551323160000000" remote="130551323160000000" Dst="0" />
<file name="icon1.gif" server="C:/AppServ/www/orveinca/" local="129205974340000000" remote="129205974340000000" Dst="0" />
<file name="icon1.png" server="C:/AppServ/www/orveinca/" local="129497001580000000" remote="129497001580000000" Dst="0" />
<file name="icon2.gif" server="C:/AppServ/www/orveinca/" local="129205974280000000" remote="129205974280000000" Dst="0" />
<file name="icon3.gif" server="C:/AppServ/www/orveinca/" local="129205974220000000" remote="129205974220000000" Dst="0" />
<file name="icon4.png" server="C:/AppServ/www/orveinca/" local="129497001600000000" remote="129497001600000000" Dst="0" />
<file name="img-hover.png" server="C:/AppServ/www/orveinca/" local="130515740560000000" remote="130515740560000000" Dst="0" />
<file name="inventario.png" server="C:/AppServ/www/orveinca/" local="130535750160000000" remote="130535750160000000" Dst="0" />
<file name="izquierda-hover.png" server="C:/AppServ/www/orveinca/" local="129743588840000000" remote="129743588840000000" Dst="0" />
<file name="izquierda.png" server="C:/AppServ/www/orveinca/" local="129743587000000000" remote="129743587000000000" Dst="0" />
<file name="lock.png" server="C:/AppServ/www/orveinca/" local="130536215260000000" remote="130536215260000000" Dst="0" />
<file name="logo-largo.png" server="C:/AppServ/www/orveinca/" local="130550123620000000" remote="130550123620000000" Dst="0" />
<file name="logo.gif" server="C:/AppServ/www/orveinca/" local="129205700960000000" remote="129205700960000000" Dst="0" />
<file name="m-section.png" server="C:/AppServ/www/orveinca/" local="130525308040000000" remote="130525308040000000" Dst="0" />
<file name="m-section2.png" server="C:/AppServ/www/orveinca/" local="130525308580000000" remote="130525308580000000" Dst="0" />
<file name="map.jpg" server="C:/AppServ/www/orveinca/" local="130515867000000000" remote="130515867000000000" Dst="0" />
<file name="mercadolibre.png" server="C:/AppServ/www/orveinca/" local="130537410620000000" remote="130537410620000000" Dst="0" />
<file name="middle_banner_bg.gif" server="C:/AppServ/www/orveinca/" local="129205700320000000" remote="129205700320000000" Dst="0" />
<file name="middle_banner_bg.png" server="C:/AppServ/www/orveinca/" local="130517576320000000" remote="130517576320000000" Dst="0" />
<file name="middle_banner_bg2.gif" server="C:/AppServ/www/orveinca/" local="130517580880000000" remote="130517580880000000" Dst="0" />
<file name="more.gif" server="C:/AppServ/www/orveinca/" local="129205986200000000" remote="129205986200000000" Dst="0" />
<file name="o_compra.png" server="C:/AppServ/www/orveinca/" local="130541794900000000" remote="130541794900000000" Dst="0" />
<file name="over.png" server="C:/AppServ/www/orveinca/" local="129391547360000000" remote="129391547360000000" Dst="0" />
<file name="p1.jpg" server="C:/AppServ/www/orveinca/" local="129205990680000000" remote="129205990680000000" Dst="0" />
<file name="p2.jpg" server="C:/AppServ/www/orveinca/" local="129205990620000000" remote="129205990620000000" Dst="0" />
<file name="p3.jpg" server="C:/AppServ/www/orveinca/" local="129205990740000000" remote="129205990740000000" Dst="0" />
<file name="partners1.png" server="C:/AppServ/www/orveinca/" local="130020989840000000" remote="130020989840000000" Dst="0" />
<file name="partners2.png" server="C:/AppServ/www/orveinca/" local="130020989840000000" remote="130020989840000000" Dst="0" />
<file name="partners3.png" server="C:/AppServ/www/orveinca/" local="130020989840000000" remote="130020989840000000" Dst="0" />
<file name="partners4.png" server="C:/AppServ/www/orveinca/" local="130020989840000000" remote="130020989840000000" Dst="0" />
<file name="pic.jpg" server="C:/AppServ/www/orveinca/" local="129206507160000000" remote="129206507160000000" Dst="0" />
<file name="print.png" server="C:/AppServ/www/orveinca/" local="130535748140000000" remote="130535748140000000" Dst="0" />
<file name="prosupuesto.png" server="C:/AppServ/www/orveinca/" local="130538381720000000" remote="130538381720000000" Dst="0" />
<file name="section.png" server="C:/AppServ/www/orveinca/" local="130020989840000000" remote="130020989840000000" Dst="0" />
<file name="section@2x.png" server="C:/AppServ/www/orveinca/" local="130020989840000000" remote="130020989840000000" Dst="0" />
<file name="Sin título-1.pxr" server="C:/AppServ/www/orveinca/" local="130527035460000000" remote="130527035460000000" Dst="0" />
<file name="slider_photo.jpg" server="C:/AppServ/www/orveinca/" local="129205710860000000" remote="129205710860000000" Dst="0" />
<file name="slider_photo2.jpg" server="C:/AppServ/www/orveinca/" local="129205710680000000" remote="129205710680000000" Dst="0" />
<file name="slider_photo3.jpg" server="C:/AppServ/www/orveinca/" local="129205710780000000" remote="129205710780000000" Dst="0" />
<file name="slider_photo4.jpg" server="C:/AppServ/www/orveinca/" local="129205710600000000" remote="129205710600000000" Dst="0" />
<file name="top_bg.gif" server="C:/AppServ/www/orveinca/" local="129205701440000000" remote="129205701440000000" Dst="0" />
<file name="ventas.png" server="C:/AppServ/www/orveinca/" local="130541796200000000" remote="130541796200000000" Dst="0" />
<file name="new.png" server="C:/AppServ/www/orveinca/" local="130684399880000000" remote="130684399880000000" Dst="0" />
<file name="new_hover.png" server="C:/AppServ/www/orveinca/" local="130684399760000000" remote="130684399760000000" Dst="0" />
<file name="search.gif" server="C:/AppServ/www/orveinca/" local="129274792980000000" remote="129274792980000000" Dst="0" />
<file name="search_hover.gif" server="C:/AppServ/www/orveinca/" local="130684904240000000" remote="130684904240000000" Dst="0" />
<file name="cam.png" server="C:/AppServ/www/orveinca/" local="130684948480000000" remote="130684948480000000" Dst="0" />
<file name="cam_hover.png" server="C:/AppServ/www/orveinca/" local="130684948280000000" remote="130684948280000000" Dst="0" />
<file name="camera32.png" server="C:/AppServ/www/orveinca/" local="128951964660000000" remote="128951964660000000" Dst="0" />
<file name="new2_hover.png" server="C:/AppServ/www/orveinca/" local="130687793120000000" remote="130687793120000000" Dst="0" />
<file name="new2.png" server="C:/AppServ/www/orveinca/" local="130687793680000000" remote="130687793680000000" Dst="0" />
<file name="print_b.png" server="C:/AppServ/www/orveinca/" local="130687811740000000" remote="130687811740000000" Dst="0" />
<file name="print_b_hover.png" server="C:/AppServ/www/orveinca/" local="130687812740000000" remote="130687812740000000" Dst="0" />
<file name="calendar.png" server="C:/AppServ/www/orveinca/" local="130687858240000000" remote="130687858240000000" Dst="0" />
<file name="calendar_hover.png" server="C:/AppServ/www/orveinca/" local="130687857900000000" remote="130687857900000000" Dst="0" />
<file name="save.png" server="C:/AppServ/www/orveinca/" local="130688411320000000" remote="130688411320000000" Dst="0" />
<file name="save_hover.png" server="C:/AppServ/www/orveinca/" local="130688411160000000" remote="130688411160000000" Dst="0" />
<file name="desechar.png" server="C:/AppServ/www/orveinca/" local="130688412520000000" remote="130688412520000000" Dst="0" />
<file name="desechar_hover.png" server="C:/AppServ/www/orveinca/" local="130688412060000000" remote="130688412060000000" Dst="0" />
<file name="pdf.png" server="C:/AppServ/www/orveinca/" local="130694529260000000" remote="130694529260000000" Dst="0" />
<file name="pdf_hover.png" server="C:/AppServ/www/orveinca/" local="130694529000000000" remote="130694529000000000" Dst="0" />
<file name="pdf.gif" server="C:/AppServ/www/orveinca/" local="129343447420000000" remote="129343447420000000" Dst="0" />
<file name="buscar.png" server="C:/AppServ/www/orveinca/" local="130694555340000000" remote="130694555340000000" Dst="0" />
<file name="buscar_hover.png" server="C:/AppServ/www/orveinca/" local="130694554960000000" remote="130694554960000000" Dst="0" />
<file name="ajax-loader.gif" server="C:/AppServ/www/orveinca/" local="130556843160000000" remote="130556843160000000" Dst="0" />
<file name="cargando_catalogo.gif" server="C:/AppServ/www/orveinca/" local="130700457420000000" remote="130700457420000000" Dst="0" />
<file name="error_img1.png" server="C:/AppServ/www/orveinca/" local="130700829000000000" remote="130700829000000000" Dst="0" />
<file name="px.png" server="C:/AppServ/www/orveinca/" local="130703982260000000" remote="130703982260000000" Dst="0" />
<file name="2013.png" server="C:/xampp/htdocs/orveinca/" local="130544244820000000" remote="130544244820000000" Dst="0" />
<file name="2014.png" server="C:/xampp/htdocs/orveinca/" local="130544244640000000" remote="130544244640000000" Dst="0" />
<file name="2015.png" server="C:/xampp/htdocs/orveinca/" local="130544244980000000" remote="130544244980000000" Dst="0" />
<file name="2016.png" server="C:/xampp/htdocs/orveinca/" local="130544245200000000" remote="130544245200000000" Dst="0" />
<file name="2017.png" server="C:/xampp/htdocs/orveinca/" local="130551887880000000" remote="130551887880000000" Dst="0" />
<file name="ajax-loader.gif" server="C:/xampp/htdocs/orveinca/" local="130556843160000000" remote="130556843160000000" Dst="0" />
<file name="arrow.gif" server="C:/xampp/htdocs/orveinca/" local="129167676960000000" remote="129167676960000000" Dst="0" />
<file name="arrows.png" server="C:/xampp/htdocs/orveinca/" local="129579137720000000" remote="129579137720000000" Dst="0" />
<file name="banesco.png" server="C:/xampp/htdocs/orveinca/" local="130537409240000000" remote="130537409240000000" Dst="0" />
<file name="barra se seguridad.png" server="C:/xampp/htdocs/orveinca/" local="130500990760000000" remote="130500990760000000" Dst="0" />
<file name="bg.gif" server="C:/xampp/htdocs/orveinca/" local="129205697580000000" remote="129205697580000000" Dst="0" />
<file name="bod.png" server="C:/xampp/htdocs/orveinca/" local="130537409780000000" remote="130537409780000000" Dst="0" />
<file name="buscar.png" server="C:/xampp/htdocs/orveinca/" local="130694555340000000" remote="130694555340000000" Dst="0" />
<file name="buscar_hover.png" server="C:/xampp/htdocs/orveinca/" local="130694554960000000" remote="130694554960000000" Dst="0" />
<file name="button-tail.gif" server="C:/xampp/htdocs/orveinca/" local="129720817140000000" remote="129720817140000000" Dst="0" />
<file name="b_print.png" server="C:/xampp/htdocs/orveinca/" local="130538874440000000" remote="130538874440000000" Dst="0" />
<file name="calendar.png" server="C:/xampp/htdocs/orveinca/" local="130687858240000000" remote="130687858240000000" Dst="0" />
<file name="calendar_hover.png" server="C:/xampp/htdocs/orveinca/" local="130687857900000000" remote="130687857900000000" Dst="0" />
<file name="cam.png" server="C:/xampp/htdocs/orveinca/" local="130684948480000000" remote="130684948480000000" Dst="0" />
<file name="camera32.png" server="C:/xampp/htdocs/orveinca/" local="128951964660000000" remote="128951964660000000" Dst="0" />
<file name="cam_hover.png" server="C:/xampp/htdocs/orveinca/" local="130684948280000000" remote="130684948280000000" Dst="0" />
<file name="cargando.png" server="C:/xampp/htdocs/orveinca/" local="130566054140000000" remote="130566054140000000" Dst="0" />
<file name="cargando_catalogo.gif" server="C:/xampp/htdocs/orveinca/" local="130700457420000000" remote="130700457420000000" Dst="0" />
<file name="catalogo.png" server="C:/xampp/htdocs/orveinca/" local="130554529240000000" remote="130554529240000000" Dst="0" />
<file name="center_bg_pages.gif" server="C:/xampp/htdocs/orveinca/" local="129206041100000000" remote="129206041100000000" Dst="0" />
<file name="center_bg_repeat.gif" server="C:/xampp/htdocs/orveinca/" local="129205702700000000" remote="129205702700000000" Dst="0" />
<file name="clientes.png" server="C:/xampp/htdocs/orveinca/" local="130538375040000000" remote="130538375040000000" Dst="0" />
<file name="compras.png" server="C:/xampp/htdocs/orveinca/" local="130541710680000000" remote="130541710680000000" Dst="0" />
<file name="copy.png" server="C:/xampp/htdocs/orveinca/" local="130551315960000000" remote="130551315960000000" Dst="0" />
<file name="correo.png" server="C:/xampp/htdocs/orveinca/" local="130537414960000000" remote="130537414960000000" Dst="0" />
<file name="derecha-hover.png" server="C:/xampp/htdocs/orveinca/" local="129743588820000000" remote="129743588820000000" Dst="0" />
<file name="derecha.png" server="C:/xampp/htdocs/orveinca/" local="129743585920000000" remote="129743585920000000" Dst="0" />
<file name="desechar.png" server="C:/xampp/htdocs/orveinca/" local="130688412520000000" remote="130688412520000000" Dst="0" />
<file name="desechar_hover.png" server="C:/xampp/htdocs/orveinca/" local="130688412060000000" remote="130688412060000000" Dst="0" />
<file name="dic .png" server="C:/xampp/htdocs/orveinca/" local="130517525500000000" remote="130517525500000000" Dst="0" />
<file name="edit.png" server="C:/xampp/htdocs/orveinca/" local="130572654180000000" remote="130572654180000000" Dst="0" />
<file name="edit_hover.png" server="C:/xampp/htdocs/orveinca/" local="130572654620000000" remote="130572654620000000" Dst="0" />
<file name="edi_clientes.png" server="C:/xampp/htdocs/orveinca/" local="130538406220000000" remote="130538406220000000" Dst="0" />
<file name="elimina.png" server="C:/xampp/htdocs/orveinca/" local="130572669040000000" remote="130572669040000000" Dst="0" />
<file name="elimina_hover.png" server="C:/xampp/htdocs/orveinca/" local="130572655280000000" remote="130572655280000000" Dst="0" />
<file name="error_img1.png" server="C:/xampp/htdocs/orveinca/" local="130700829000000000" remote="130700829000000000" Dst="0" />
<file name="estadisticas.png" server="C:/xampp/htdocs/orveinca/" local="130551353700000000" remote="130551353700000000" Dst="0" />
<file name="featured-button-off.png" server="C:/xampp/htdocs/orveinca/" local="129205713680000000" remote="129205713680000000" Dst="0" />
<file name="featured-button-on.png" server="C:/xampp/htdocs/orveinca/" local="129165223340000000" remote="129165223340000000" Dst="0" />
<file name="featured-desc-bg.png" server="C:/xampp/htdocs/orveinca/" local="129165223620000000" remote="129165223620000000" Dst="0" />
<file name="footer_bg.jpg" server="C:/xampp/htdocs/orveinca/" local="129167707340000000" remote="129167707340000000" Dst="0" />
<file name="gastos.png" server="C:/xampp/htdocs/orveinca/" local="130536652140000000" remote="130536652140000000" Dst="0" />
<file name="guardar.png" server="C:/xampp/htdocs/orveinca/" local="130551325640000000" remote="130551325640000000" Dst="0" />
<file name="header-box.png" server="C:/xampp/htdocs/orveinca/" local="130517523340000000" remote="130517523340000000" Dst="0" />
<file name="header-tail.gif" server="C:/xampp/htdocs/orveinca/" local="130515882280000000" remote="130515882280000000" Dst="0" />
<file name="home_block_bg.gif" server="C:/xampp/htdocs/orveinca/" local="129205972780000000" remote="129205972780000000" Dst="0" />
<file name="home_section_thumb1.jpg" server="C:/xampp/htdocs/orveinca/" local="129205982260000000" remote="129205982260000000" Dst="0" />
<file name="home_section_thumb2.jpg" server="C:/xampp/htdocs/orveinca/" local="129205982380000000" remote="129205982380000000" Dst="0" />
<file name="home_section_thumb3.jpg" server="C:/xampp/htdocs/orveinca/" local="129205982320000000" remote="129205982320000000" Dst="0" />
<file name="ico.gif" server="C:/xampp/htdocs/orveinca/" local="130515805220000000" remote="130515805220000000" Dst="0" />
<file name="icon-16-delete.png" server="C:/xampp/htdocs/orveinca/" local="130551321260000000" remote="130551321260000000" Dst="0" />
<file name="icon-16-trash.png" server="C:/xampp/htdocs/orveinca/" local="130551321840000000" remote="130551321840000000" Dst="0" />
<file name="icon-48-trash.png" server="C:/xampp/htdocs/orveinca/" local="130551323160000000" remote="130551323160000000" Dst="0" />
<file name="icon1.gif" server="C:/xampp/htdocs/orveinca/" local="129205974340000000" remote="129205974340000000" Dst="0" />
<file name="icon1.png" server="C:/xampp/htdocs/orveinca/" local="129497001580000000" remote="129497001580000000" Dst="0" />
<file name="icon2.gif" server="C:/xampp/htdocs/orveinca/" local="129205974280000000" remote="129205974280000000" Dst="0" />
<file name="icon3.gif" server="C:/xampp/htdocs/orveinca/" local="129205974220000000" remote="129205974220000000" Dst="0" />
<file name="icon4.png" server="C:/xampp/htdocs/orveinca/" local="129497001600000000" remote="129497001600000000" Dst="0" />
<file name="img-hover.png" server="C:/xampp/htdocs/orveinca/" local="130515740560000000" remote="130515740560000000" Dst="0" />
<file name="inventario.png" server="C:/xampp/htdocs/orveinca/" local="130535750160000000" remote="130535750160000000" Dst="0" />
<file name="izquierda-hover.png" server="C:/xampp/htdocs/orveinca/" local="129743588840000000" remote="129743588840000000" Dst="0" />
<file name="izquierda.png" server="C:/xampp/htdocs/orveinca/" local="129743587000000000" remote="129743587000000000" Dst="0" />
<file name="lock.png" server="C:/xampp/htdocs/orveinca/" local="130536215260000000" remote="130536215260000000" Dst="0" />
<file name="logo-largo.png" server="C:/xampp/htdocs/orveinca/" local="130550123620000000" remote="130550123620000000" Dst="0" />
<file name="logo.gif" server="C:/xampp/htdocs/orveinca/" local="129205700960000000" remote="129205700960000000" Dst="0" />
<file name="m-section.png" server="C:/xampp/htdocs/orveinca/" local="130525308040000000" remote="130525308040000000" Dst="0" />
<file name="m-section2.png" server="C:/xampp/htdocs/orveinca/" local="130525308580000000" remote="130525308580000000" Dst="0" />
<file name="map.jpg" server="C:/xampp/htdocs/orveinca/" local="130515867000000000" remote="130515867000000000" Dst="0" />
<file name="mercadolibre.png" server="C:/xampp/htdocs/orveinca/" local="130537410620000000" remote="130537410620000000" Dst="0" />
<file name="middle_banner_bg.gif" server="C:/xampp/htdocs/orveinca/" local="129205700320000000" remote="129205700320000000" Dst="0" />
<file name="middle_banner_bg.png" server="C:/xampp/htdocs/orveinca/" local="130517576320000000" remote="130517576320000000" Dst="0" />
<file name="middle_banner_bg2.gif" server="C:/xampp/htdocs/orveinca/" local="130517580880000000" remote="130517580880000000" Dst="0" />
<file name="more.gif" server="C:/xampp/htdocs/orveinca/" local="129205986200000000" remote="129205986200000000" Dst="0" />
<file name="new.png" server="C:/xampp/htdocs/orveinca/" local="130684399880000000" remote="130684399880000000" Dst="0" />
<file name="new2.png" server="C:/xampp/htdocs/orveinca/" local="130687793680000000" remote="130687793680000000" Dst="0" />
<file name="new2_hover.png" server="C:/xampp/htdocs/orveinca/" local="130687793120000000" remote="130687793120000000" Dst="0" />
<file name="new_hover.png" server="C:/xampp/htdocs/orveinca/" local="130684399760000000" remote="130684399760000000" Dst="0" />
<file name="over.png" server="C:/xampp/htdocs/orveinca/" local="129391547360000000" remote="129391547360000000" Dst="0" />
<file name="o_compra.png" server="C:/xampp/htdocs/orveinca/" local="130541794900000000" remote="130541794900000000" Dst="0" />
<file name="p1.jpg" server="C:/xampp/htdocs/orveinca/" local="129205990680000000" remote="129205990680000000" Dst="0" />
<file name="p2.jpg" server="C:/xampp/htdocs/orveinca/" local="129205990620000000" remote="129205990620000000" Dst="0" />
<file name="p3.jpg" server="C:/xampp/htdocs/orveinca/" local="129205990740000000" remote="129205990740000000" Dst="0" />
<file name="partners1.png" server="C:/xampp/htdocs/orveinca/" local="130020989840000000" remote="130020989840000000" Dst="0" />
<file name="partners2.png" server="C:/xampp/htdocs/orveinca/" local="130020989840000000" remote="130020989840000000" Dst="0" />
<file name="partners3.png" server="C:/xampp/htdocs/orveinca/" local="130020989840000000" remote="130020989840000000" Dst="0" />
<file name="partners4.png" server="C:/xampp/htdocs/orveinca/" local="130020989840000000" remote="130020989840000000" Dst="0" />
<file name="pdf.gif" server="C:/xampp/htdocs/orveinca/" local="129343447420000000" remote="129343447420000000" Dst="0" />
<file name="pdf.png" server="C:/xampp/htdocs/orveinca/" local="130694529260000000" remote="130694529260000000" Dst="0" />
<file name="pdf_hover.png" server="C:/xampp/htdocs/orveinca/" local="130694529000000000" remote="130694529000000000" Dst="0" />
<file name="pic.jpg" server="C:/xampp/htdocs/orveinca/" local="129206507160000000" remote="129206507160000000" Dst="0" />
<file name="print.png" server="C:/xampp/htdocs/orveinca/" local="130535748140000000" remote="130535748140000000" Dst="0" />
<file name="print_b.png" server="C:/xampp/htdocs/orveinca/" local="130687811740000000" remote="130687811740000000" Dst="0" />
<file name="print_b_hover.png" server="C:/xampp/htdocs/orveinca/" local="130687812740000000" remote="130687812740000000" Dst="0" />
<file name="prosupuesto.png" server="C:/xampp/htdocs/orveinca/" local="130538381720000000" remote="130538381720000000" Dst="0" />
<file name="px.png" server="C:/xampp/htdocs/orveinca/" local="130703982260000000" remote="130703982260000000" Dst="0" />
<file name="save.png" server="C:/xampp/htdocs/orveinca/" local="130688411320000000" remote="130688411320000000" Dst="0" />
<file name="save_hover.png" server="C:/xampp/htdocs/orveinca/" local="130688411160000000" remote="130688411160000000" Dst="0" />
<file name="search.gif" server="C:/xampp/htdocs/orveinca/" local="129274792980000000" remote="129274792980000000" Dst="0" />
<file name="search_hover.gif" server="C:/xampp/htdocs/orveinca/" local="130684904240000000" remote="130684904240000000" Dst="0" />
<file name="section.png" server="C:/xampp/htdocs/orveinca/" local="130020989840000000" remote="130020989840000000" Dst="0" />
<file name="section@2x.png" server="C:/xampp/htdocs/orveinca/" local="130020989840000000" remote="130020989840000000" Dst="0" />
<file name="Sin título-1.pxr" server="C:/xampp/htdocs/orveinca/" local="130527035460000000" remote="130527035460000000" Dst="0" />
<file name="slider_photo.jpg" server="C:/xampp/htdocs/orveinca/" local="129205710860000000" remote="129205710860000000" Dst="0" />
<file name="slider_photo2.jpg" server="C:/xampp/htdocs/orveinca/" local="129205710680000000" remote="129205710680000000" Dst="0" />
<file name="slider_photo3.jpg" server="C:/xampp/htdocs/orveinca/" local="129205710780000000" remote="129205710780000000" Dst="0" />
<file name="slider_photo4.jpg" server="C:/xampp/htdocs/orveinca/" local="129205710600000000" remote="129205710600000000" Dst="0" />
<file name="top_bg.gif" server="C:/xampp/htdocs/orveinca/" local="129205701440000000" remote="129205701440000000" Dst="0" />
<file name="ventas.png" server="C:/xampp/htdocs/orveinca/" local="130541796200000000" remote="130541796200000000" Dst="0" />
<file name="atras.png" server="C:/xampp/htdocs/orveinca/" local="130721210360000000" remote="130721210360000000" Dst="0" />
<file name="atras_hover.png" server="C:/xampp/htdocs/orveinca/" local="130721210180000000" remote="130721210180000000" Dst="0" />
<file name="atras.png" server="C:/AppServ/www/orveinca/" local="130721210360000000" remote="130721210360000000" Dst="0" />
<file name="atras_hover.png" server="C:/AppServ/www/orveinca/" local="130721210180000000" remote="130721210180000000" Dst="0" />
<file name="b_catalogo.png" server="C:/xampp/htdocs/orveinca/" local="130730923940000000" remote="130730923940000000" Dst="0" />
<file name="b_catalogo_hover.png" server="C:/xampp/htdocs/orveinca/" local="130730923480000000" remote="130730923480000000" Dst="0" />
<file name="entr.png" server="C:/xampp/htdocs/orveinca/" local="130739341700000000" remote="130739341700000000" Dst="0" />
<file name="entr_hover.png" server="C:/xampp/htdocs/orveinca/" local="130739341200000000" remote="130739341200000000" Dst="0" />
<file name="pag.png" server="C:/xampp/htdocs/orveinca/" local="130759370575580000" remote="130759370570000000" Dst="0" />
<file name="pag_hover.png" server="C:/xampp/htdocs/orveinca/" local="130759370364400000" remote="130759370360000000" Dst="0" />
<file name="b_catalogo.png" server="C:/AppServ/www/orveinca/" local="130730923940000000" remote="130730923940000000" Dst="0" />
<file name="b_catalogo_hover.png" server="C:/AppServ/www/orveinca/" local="130730923480000000" remote="130730923480000000" Dst="0" />
<file name="entr.png" server="C:/AppServ/www/orveinca/" local="130739341700000000" remote="130739341700000000" Dst="0" />
<file name="entr_hover.png" server="C:/AppServ/www/orveinca/" local="130739341200000000" remote="130739341200000000" Dst="0" />
<file name="pag.png" server="C:/AppServ/www/orveinca/" local="130759370575580000" remote="130759370570000000" Dst="0" />
<file name="pag_hover.png" server="C:/AppServ/www/orveinca/" local="130759370364400000" remote="130759370360000000" Dst="0" />
</dwsync>