<?xml version="1.0" encoding="utf-8" ?>
<dwsync>
<file name="info_provedores.php" server="C:/AppServ/www/" local="130573586295442000" remote="130573586290000000" Dst="0" />
<file name="info_provedores.php" server="C:/AppServ/www/orveinca/" local="130731845300000000" remote="130731845300000000" Dst="0" />
<file name="provedor.php" server="C:/AppServ/www/orveinca/" local="130760411332588000" remote="130760411330000000" Dst="0" />
<file name="buscar_provedores.php" server="C:/AppServ/www/orveinca/" local="130741075920000000" remote="130741075920000000" Dst="0" />
<file name="provedor_allinfo.php" server="C:/AppServ/www/orveinca/" local="130737114800000000" remote="130737114800000000" Dst="0" />
<file name="editar_provedor.php" server="C:/AppServ/www/orveinca/" local="130760410661788000" remote="130760410660000000" Dst="0" />
<file name="editar_provedor.php" server="C:/xampp/htdocs/orveinca/" local="130772186490792000" remote="130772186490000000" Dst="0" />
<file name="info_provedores.php" server="C:/xampp/htdocs/orveinca/" local="130772334321362000" remote="130772334320000000" Dst="0" />
<file name="provedor.php" server="C:/xampp/htdocs/orveinca/" local="130772504928616000" remote="130772504920000000" Dst="0" />
<file name="provedor_ajax.php" server="C:/xampp/htdocs/orveinca/" local="130772158797792000" remote="130772158790000000" Dst="0" />
<file name="provedor_allinfo.php" server="C:/xampp/htdocs/orveinca/" local="130769637056712000" remote="130769637050000000" Dst="0" />
<file name="provedor_pdf.php" server="C:/xampp/htdocs/orveinca/" local="130730887251218000" remote="130730887250000000" Dst="0" />
<file name="provedor_ajax.php" server="C:/AppServ/www/orveinca/" local="130737093060000000" remote="130737093060000000" Dst="0" />
<file name="provedor_pdf.php" server="C:/AppServ/www/orveinca/" local="130730887260000000" remote="130730887260000000" Dst="0" />
</dwsync>