<?xml version="1.0" encoding="utf-8" ?>
<dwsync>
<file name="html5shiv.js" server="C:/AppServ/www/" local="130497350940000000" remote="130497350940000000" Dst="0" />
<file name="jquery-1.11.1.min.js" server="C:/AppServ/www/" local="130502104940000000" remote="130502104940000000" Dst="0" />
<file name="jquery-1.8.0.min.js" server="C:/AppServ/www/" local="130525260960000000" remote="130525260960000000" Dst="0" />
<file name="jquery.prettyPhoto.js" server="C:/AppServ/www/" local="129587508260000000" remote="129587508260000000" Dst="0" />
<file name="loading.gif" server="C:/AppServ/www/" local="129399514200000000" remote="129399514200000000" Dst="0" />
<file name="preview.js" server="C:/AppServ/www/" local="130566053500000000" remote="130566053500000000" Dst="0" />
<file name="prin_page.js" server="C:/AppServ/www/" local="130553573600000000" remote="130553573600000000" Dst="0" />
<file name="tab.png" server="C:/AppServ/www/" local="129399514200000000" remote="129399514200000000" Dst="0" />
<file name="preview.js" server="E:/web/orveinca/" local="130566053500000000" remote="130566053500000000" Dst="0" />
<file name="preview.js" server="C:/AppServ/www/orveinca/" local="130733175580000000" remote="130733175580000000" Dst="0" />
<file name="html5shiv.js" server="C:/AppServ/www/orveinca/" local="130497350940000000" remote="130497350940000000" Dst="0" />
<file name="jquery-1.11.1.min.js" server="C:/AppServ/www/orveinca/" local="130502104940000000" remote="130502104940000000" Dst="0" />
<file name="jquery-1.8.0.min.js" server="C:/AppServ/www/orveinca/" local="130525260960000000" remote="130525260960000000" Dst="0" />
<file name="jquery.prettyPhoto.js" server="C:/AppServ/www/orveinca/" local="129587508260000000" remote="129587508260000000" Dst="0" />
<file name="loading.gif" server="C:/AppServ/www/orveinca/" local="129399514200000000" remote="129399514200000000" Dst="0" />
<file name="prin_page.js" server="C:/AppServ/www/orveinca/" local="130686615100000000" remote="130686615100000000" Dst="0" />
<file name="tab.png" server="C:/AppServ/www/orveinca/" local="129399514200000000" remote="129399514200000000" Dst="0" />
<file name="menu_simple.js" server="C:/AppServ/www/orveinca/" local="130704240880000000" remote="130704240880000000" Dst="0" />
<file name="html5shiv.js" server="C:/xampp/htdocs/orveinca/" local="130497350940000000" remote="130497350940000000" Dst="0" />
<file name="jquery-1.11.1.min.js" server="C:/xampp/htdocs/orveinca/" local="130502104940000000" remote="130502104940000000" Dst="0" />
<file name="jquery-1.8.0.min.js" server="C:/xampp/htdocs/orveinca/" local="130525260960000000" remote="130525260960000000" Dst="0" />
<file name="jquery.prettyPhoto.js" server="C:/xampp/htdocs/orveinca/" local="129587508260000000" remote="129587508260000000" Dst="0" />
<file name="loading.gif" server="C:/xampp/htdocs/orveinca/" local="129399514200000000" remote="129399514200000000" Dst="0" />
<file name="menu_simple.js" server="C:/xampp/htdocs/orveinca/" local="130704240874516000" remote="130704240870000000" Dst="0" />
<file name="preview.js" server="C:/xampp/htdocs/orveinca/" local="130763814036820000" remote="130763814030000000" Dst="0" />
<file name="prin_page.js" server="C:/xampp/htdocs/orveinca/" local="130686615085039500" remote="130686615080000000" Dst="0" />
<file name="tab.png" server="C:/xampp/htdocs/orveinca/" local="129399514200000000" remote="129399514200000000" Dst="0" />
</dwsync>