<?xml version="1.0" encoding="utf-8" ?>
<dwsync>
<file name="btnNext.png" server="C:/AppServ/www/" local="128817750740000000" remote="128817750740000000" Dst="0" />
<file name="btnPrevious.png" server="C:/AppServ/www/" local="128817750740000000" remote="128817750740000000" Dst="0" />
<file name="default_thumbnail.gif" server="C:/AppServ/www/" local="129409778220000000" remote="129409778220000000" Dst="0" />
<file name="loader.gif" server="C:/AppServ/www/" local="128817750740000000" remote="128817750740000000" Dst="0" />
<file name="sprite.png" server="C:/AppServ/www/" local="128867859800000000" remote="128867859800000000" Dst="0" />
<file name="btnNext.png" server="C:/AppServ/www/orveinca/" local="128817750740000000" remote="128817750740000000" Dst="0" />
<file name="btnPrevious.png" server="C:/AppServ/www/orveinca/" local="128817750740000000" remote="128817750740000000" Dst="0" />
<file name="default_thumbnail.gif" server="C:/AppServ/www/orveinca/" local="129409778220000000" remote="129409778220000000" Dst="0" />
<file name="loader.gif" server="C:/AppServ/www/orveinca/" local="128817750740000000" remote="128817750740000000" Dst="0" />
<file name="sprite.png" server="C:/AppServ/www/orveinca/" local="128867859800000000" remote="128867859800000000" Dst="0" />
<file name="btnNext.png" server="C:/xampp/htdocs/orveinca/" local="128817750740000000" remote="128817750740000000" Dst="0" />
<file name="btnPrevious.png" server="C:/xampp/htdocs/orveinca/" local="128817750740000000" remote="128817750740000000" Dst="0" />
<file name="default_thumbnail.gif" server="C:/xampp/htdocs/orveinca/" local="129409778220000000" remote="129409778220000000" Dst="0" />
<file name="loader.gif" server="C:/xampp/htdocs/orveinca/" local="128817750740000000" remote="128817750740000000" Dst="0" />
<file name="sprite.png" server="C:/xampp/htdocs/orveinca/" local="128867859800000000" remote="128867859800000000" Dst="0" />
</dwsync>