<?xml version="1.0" encoding="utf-8" ?>
<dwsync>
<file name="busqueda.php" server="C:/AppServ/www/" local="130571917219900000" remote="130571917210000000" Dst="0" />
<file name="nota_entrega.php" server="C:/AppServ/www/" local="130576141421624500" remote="130576141420000000" Dst="0" />
<file name="busqueda.php" server="C:/AppServ/www/orveinca/" local="130739377400000000" remote="130739377400000000" Dst="0" />
<file name="nota_entrega.php" server="C:/AppServ/www/orveinca/" local="130754307552106000" remote="130754307550000000" Dst="0" />
<file name="busqueda.php" server="C:/xampp/htdocs/orveinca/" local="130772560523256000" remote="130772560520000000" Dst="0" />
<file name="nota_entrega.php" server="C:/xampp/htdocs/orveinca/" local="130770770340010000" remote="130770770340000000" Dst="0" />
<file name="nota_entrega_pdf.php" server="C:/xampp/htdocs/orveinca/" local="130773280768250000" remote="130773280760000000" Dst="0" />
<file name="ajax_ventas.php" server="C:/xampp/htdocs/orveinca/" local="130769679057502000" remote="130769679050000000" Dst="0" />
<file name="info_venta.php" server="C:/xampp/htdocs/orveinca/" local="130769680632702000" remote="130769680630000000" Dst="0" />
<file name="ventas.php" server="C:/xampp/htdocs/orveinca/" local="130765226951244000" remote="130765226950000000" Dst="0" />
<file name="ajax_ventas.php" server="C:/AppServ/www/orveinca/" local="130760930145760000" remote="130760930140000000" Dst="0" />
<file name="info_venta.php" server="C:/AppServ/www/orveinca/" local="130760942675700000" remote="130760942670000000" Dst="0" />
<file name="nota_entrega_pdf.php" server="C:/AppServ/www/orveinca/" local="130754308819386000" remote="130754308810000000" Dst="0" />
<file name="ventas.php" server="C:/AppServ/www/orveinca/" local="130760919933520000" remote="130760919930000000" Dst="0" />
<file name="ventas_reportes.php" server="C:/xampp/htdocs/orveinca/" local="130765277843604000" remote="130765277840000000" Dst="0" />
<file name="reportes_pdf.php" server="C:/xampp/htdocs/orveinca/" local="130769771156460000" remote="130769771150000000" Dst="0" />
<file name="reportes_nent_pdf.php" server="C:/xampp/htdocs/orveinca/" local="130769729657680000" remote="130769729650000000" Dst="0" />
</dwsync>